"Langue";"Unité";"Thème";"Mot / expression (à valider)";"Français";"Type";"Emprunt";"Mot amazigh classique";"Fichier audio à enregistrer";"Leçons";"Correction proposée";"OK ?"
"Kabyle";"Unité 6";"Les couleurs — Initen";"Aberkan";"Noir";"mot";"";"";"aberkan.mp3";"l22 l23";"";""
"Kabyle";"Unité 11";"Le corps & les gens";"Aḍar";"Pied";"mot";"";"";"adar.mp3";"l36 l38 l51";"";""
"Kabyle";"Unité 15";"Au sport — Addal";"Addal";"Le sport";"mot";"";"";"addal.mp3";"l50 l53";"";""
"Kabyle";"Unité 8";"La météo — Tignewt";"Adfel";"Neige";"mot";"";"";"adfel.mp3";"l28 l29 l35";"";""
"Kabyle";"Unité 3";"À la maison — Axxam";"Adlis";"Livre";"mot";"";"";"adlis.mp3";"l13";"";""
"Kabyle";"Unité 8";"La météo — Tignewt";"Aḍu";"Vent";"mot";"";"";"adu.mp3";"l28 l29";"";""
"Kabyle";"Unité 14";"Au travail — Axeddim";"Afellaḥ";"Le paysan";"mot";"arabe";"Amekraz";"afellah.mp3";"l47 l49";"";""
"Kabyle";"Unité 11";"Le corps & les gens";"Afus";"Main";"mot";"";"";"afus.mp3";"l36 l38 l45";"";""
"Kabyle";"Unité 8";"La météo — Tignewt";"Ageffur";"Pluie";"mot";"";"";"ageffur.mp3";"l27 l29";"";""
"Kabyle";"Unité 3";"À la maison — Axxam";"Aɣrum";"Pain";"mot";"";"";"aghrum.mp3";"l11";"";""
"Kabyle";"Unité 1";"Les salutations — Azul !";"Ala";"Non";"mot";"";"";"ala.mp3";"l2 l3 l5 l6 l9";"";""
"Kabyle";"Unité 3";"À la maison — Axxam";"Aman";"Eau";"mot";"";"";"aman.mp3";"l11 l17";"";""
"Kabyle";"Unité 3";"À la maison — Axxam";"Amcic";"Chat";"mot";"";"";"amcic.mp3";"l13 l17";"";""
"Kabyle";"Unité 14";"Au travail — Axeddim";"Amejjay";"Le médecin";"mot";"";"";"amejjay.mp3";"l47";"";""
"Kabyle";"Unité 14";"Au travail — Axeddim";"Amekraz";"Le laboureur";"mot";"";"";"amekraz.mp3";"l47";"";""
"Kabyle";"Unité 6";"Les couleurs — Initen";"Amellal";"Blanc";"mot";"";"";"amellal.mp3";"l22 l23";"";""
"Kabyle";"Unité 13";"Parler & agir";"Anda telliḍ ?";"Où es-tu ?";"expression";"";"";"anda-tellid.mp3";"l44";"";""
"Kabyle";"Unité 14";"Au travail — Axeddim";"Anda txeddmeḍ ?";"Où travailles-tu ?";"expression";"";"";"anda-txeddmed.mp3";"l48 l49";"";""
"Kabyle";"Unité 14";"Au travail — Axeddim";"Anelmad";"L’élève";"mot";"";"";"anelmad.mp3";"l47";"";""
"Kabyle";"Unité 1";"Les salutations — Azul !";"Ansuf";"Bienvenue";"mot";"";"";"ansuf.mp3";"l1 l4 l5 l8 l9";"";""
"Kabyle";"Unité 4";"La famille & les phrases";"Ansuf yes-k";"Bienvenue à toi";"expression";"";"";"ansuf-yes-k.mp3";"l16";"";""
"Kabyle";"Unité 11";"Le corps & les gens";"Aqcic";"Garçon";"mot";"";"";"aqcic.mp3";"l37 l38";"";""
"Kabyle";"Unité 11";"Le corps & les gens";"Aqerruy";"Tête";"mot";"";"";"aqerruy.mp3";"l36 l38";"";""
"Kabyle";"Unité 4";"La famille & les phrases";"Aql-i labas";"Je vais bien";"expression";"arabe";"";"aql-i-labas.mp3";"l16";"";""
"Kabyle";"Unité 1";"Les salutations — Azul !";"Ar tufat";"À demain";"expression";"";"";"ar-tufat.mp3";"l3 l5 l7 l9";"";""
"Kabyle";"Unité 11";"Le corps & les gens";"Argaz";"Homme";"mot";"";"";"argaz.mp3";"l37 l38";"";""
"Kabyle";"Unité 15";"Au sport — Addal";"Arrac";"Les enfants";"mot";"";"";"arrac.mp3";"l52";"";""
"Kabyle";"Unité 13";"Parler & agir";"As-d !";"Viens !";"expression";"";"";"as-d.mp3";"l43 l45";"";""
"Kabyle";"Unité 14";"Au travail — Axeddim";"Aselmad";"L’enseignant";"mot";"";"";"aselmad.mp3";"l47 l49";"";""
"Kabyle";"Unité 8";"La météo — Tignewt";"Asigna";"Nuage";"mot";"";"";"asigna.mp3";"l28 l29";"";""
"Kabyle";"Unité 12";"Le temps qui passe";"Ass";"Jour";"mot";"";"";"ass.mp3";"l39";"";""
"Kabyle";"Unité 12";"Le temps qui passe";"Ass-a";"Aujourd’hui";"mot";"";"";"ass-a.mp3";"l39 l45";"";""
"Kabyle";"Unité 3";"À la maison — Axxam";"Atay";"Thé";"mot";"arabe";"";"atay.mp3";"l11 l12 l17";"";""
"Kabyle";"Unité 6";"Les couleurs — Initen";"Awraɣ";"Jaune";"mot";"";"";"awragh.mp3";"l22 l23";"";""
"Kabyle";"Unité 14";"Au travail — Axeddim";"Axeddam";"Le travailleur";"mot";"arabe";"";"axeddam.mp3";"l46";"";""
"Kabyle";"Unité 14";"Au travail — Axeddim";"Axeddim";"Le travail";"mot";"arabe";"Tawuri";"axeddim.mp3";"l46 l49";"";""
"Kabyle";"Unité 3";"À la maison — Axxam";"Axxam";"Maison";"mot";"";"";"axxam.mp3";"l10 l12 l17";"";""
"Kabyle";"Unité 6";"Les couleurs — Initen";"Azeggaɣ";"Rouge";"mot";"";"";"azeggagh.mp3";"l21 l23 l35";"";""
"Kabyle";"Unité 6";"Les couleurs — Initen";"Azegzaw";"Vert";"mot";"";"";"azegzaw.mp3";"l21 l23";"";""
"Kabyle";"Unité 12";"Le temps qui passe";"Azekka";"Demain";"mot";"";"";"azekka.mp3";"l41 l45";"";""
"Kabyle";"Unité 7";"Au marché — Ssuq";"Aẓemmur";"Olives";"mot";"";"";"azemmur.mp3";"l25";"";""
"Kabyle";"Unité 1";"Les salutations — Azul !";"Azul";"Bonjour";"mot";"";"";"azul.mp3";"l1 l3 l5 l7 l8 l9";"";""
"Kabyle";"Unité 1";"Les salutations — Azul !";"Azul fell-ak";"Bonjour à toi";"expression";"";"";"azul-fell-ak.mp3";"l1 l4";"";""
"Kabyle";"Unité 4";"La famille & les phrases";"Azul, amek telliḍ ?";"Bonjour, comment vas-tu ?";"expression";"";"";"azul-amek-tellid.mp3";"l16";"";""
"Kabyle";"Unité 15";"Au sport — Addal";"Azzel !";"Cours !";"expression";"";"";"azzel.mp3";"l51";"";""
"Kabyle";"Unité 4";"La famille & les phrases";"Baba";"Père";"mot";"";"";"baba.mp3";"l14 l15 l17";"";""
"Kabyle";"Unité 13";"Parler & agir";"D acu-yagi ?";"Qu’est-ce que c’est ?";"expression";"";"";"d-acu-yagi.mp3";"l44";"";""
"Kabyle";"Unité 13";"Parler & agir";"Ečč !";"Mange !";"expression";"";"";"ecc.mp3";"l43 l45";"";""
"Kabyle";"Unité 15";"Au sport — Addal";"Ɛumm !";"Nage !";"expression";"arabe";"";"eumm.mp3";"l51";"";""
"Kabyle";"Unité 4";"La famille & les phrases";"Gma";"Frère";"mot";"";"";"gma.mp3";"l14 l15";"";""
"Kabyle";"Unité 12";"Le temps qui passe";"Iḍ";"Nuit";"mot";"";"";"id.mp3";"l39 l40";"";""
"Kabyle";"Unité 12";"Le temps qui passe";"Iḍelli";"Hier";"mot";"";"";"idelli.mp3";"l41";"";""
"Kabyle";"Unité 7";"Au marché — Ssuq";"Idrimen";"Argent";"mot";"arabe";"";"idrimen.mp3";"l26";"";""
"Kabyle";"Unité 1";"Les salutations — Azul !";"Ih";"Oui";"mot";"";"";"ih.mp3";"l2 l3 l5 l6 l9";"";""
"Kabyle";"Unité 15";"Au sport — Addal";"Ilemẓi";"Le jeune homme";"mot";"";"";"ilemzi.mp3";"l52";"";""
"Kabyle";"Unité 13";"Parler & agir";"Kečč";"Toi (à un homme)";"mot";"";"";"kecc.mp3";"l42";"";""
"Kabyle";"Unité 13";"Parler & agir";"Kemm";"Toi (à une femme)";"mot";"";"";"kemm.mp3";"l42";"";""
"Kabyle";"Unité 5";"Les nombres — Amḍan";"Kkuẓ";"Quatre";"mot";"";"";"kkuz.mp3";"l19 l20";"";""
"Kabyle";"Unité 5";"Les nombres — Amḍan";"Kraḍ";"Trois";"mot";"";"";"krad.mp3";"l18 l20";"";""
"Kabyle";"Unité 1";"Les salutations — Azul !";"Labas ?";"Ça va ?";"expression";"arabe";"Amek telliḍ ?";"labas.mp3";"l3 l4 l6 l9";"";""
"Kabyle";"Unité 12";"Le temps qui passe";"Melmi ?";"Quand ?";"expression";"";"";"melmi.mp3";"l41";"";""
"Kabyle";"Unité 13";"Parler & agir";"Nekk";"Moi";"mot";"";"";"nekk.mp3";"l42 l45";"";""
"Kabyle";"Unité 13";"Parler & agir";"Netta";"Lui";"mot";"";"";"netta.mp3";"l42";"";""
"Kabyle";"Unité 13";"Parler & agir";"Nettat";"Elle";"mot";"";"";"nettat.mp3";"l42";"";""
"Kabyle";"Unité 13";"Parler & agir";"Ṛuḥ !";"Va ! / Pars !";"expression";"";"";"ruh.mp3";"l43 l45";"";""
"Kabyle";"Unité 13";"Parler & agir";"Semmeḥ-iyi";"Excuse-moi";"mot";"arabe";"Suref-iyi";"semmeh-iyi.mp3";"l44";"";""
"Kabyle";"Unité 5";"Les nombres — Amḍan";"Semmus";"Cinq";"mot";"";"";"semmus.mp3";"l19 l20 l35";"";""
"Kabyle";"Unité 13";"Parler & agir";"Sew !";"Bois !";"expression";"";"";"sew.mp3";"l43 l45";"";""
"Kabyle";"Unité 13";"Parler & agir";"Sew atay";"Bois du thé";"expression";"";"";"sew-atay.mp3";"l43";"";""
"Kabyle";"Unité 5";"Les nombres — Amḍan";"Sin";"Deux";"mot";"";"";"sin.mp3";"l18 l20";"";""
"Kabyle";"Unité 7";"Au marché — Ssuq";"Ssuq";"Marché";"mot";"arabe";"";"ssuq.mp3";"l24 l25 l26 l35 l48";"";""
"Kabyle";"Unité 3";"À la maison — Axxam";"Taddart";"Village";"mot";"";"";"taddart.mp3";"l13";"";""
"Kabyle";"Unité 8";"La météo — Tignewt";"Tafukt";"Soleil";"mot";"";"";"tafukt.mp3";"l27 l29 l35";"";""
"Kabyle";"Unité 15";"Au sport — Addal";"Takurt";"Le ballon";"mot";"";"";"takurt.mp3";"l50 l53";"";""
"Kabyle";"Unité 12";"Le temps qui passe";"Tameddit";"Le soir";"mot";"";"";"tameddit.mp3";"l40";"";""
"Kabyle";"Unité 7";"Au marché — Ssuq";"Tament";"Miel";"mot";"";"";"tament.mp3";"l25 l26 l35";"";""
"Kabyle";"Unité 11";"Le corps & les gens";"Tameṭṭut";"Femme";"mot";"";"";"tamettut.mp3";"l37 l45";"";""
"Kabyle";"Unité 14";"Au travail — Axeddim";"Tanarit";"Le bureau";"mot";"";"";"tanarit.mp3";"l48 l49";"";""
"Kabyle";"Unité 1";"Les salutations — Azul !";"Tanemmirt";"Merci";"mot";"";"";"tanemmirt.mp3";"l2 l3 l7 l9";"";""
"Kabyle";"Unité 3";"À la maison — Axxam";"Tanemmirt aṭas";"Merci beaucoup";"expression";"à trancher";"";"tanemmirt-atas.mp3";"l12 l16 l17";"";""
"Kabyle";"Unité 12";"Le temps qui passe";"Tanezzayt";"Le matin";"mot";"";"";"tanezzayt.mp3";"l40";"";""
"Kabyle";"Unité 11";"Le corps & les gens";"Taqcict";"Fille";"mot";"";"";"taqcict.mp3";"l37 l38";"";""
"Kabyle";"Unité 14";"Au travail — Axeddim";"Tawuri";"Le travail (mot amazigh)";"mot";"";"";"tawuri.mp3";"l46";"";""
"Kabyle";"Unité 3";"À la maison — Axxam";"Tawwurt";"Porte";"mot";"";"";"tawwurt.mp3";"l10 l12";"";""
"Kabyle";"Unité 15";"Au sport — Addal";"Tazzla";"La course";"mot";"";"";"tazzla.mp3";"l51 l53";"";""
"Kabyle";"Unité 15";"Au sport — Addal";"Tilemẓit";"La jeune fille";"mot";"";"";"tilemzit.mp3";"l52";"";""
"Kabyle";"Unité 14";"Au travail — Axeddim";"Tiwizi";"L’entraide";"mot";"";"";"tiwizi.mp3";"l49";"";""
"Kabyle";"Unité 13";"Parler & agir";"Ttxil-k";"S’il te plaît";"mot";"à trancher";"";"ttxil-k.mp3";"l44";"";""
"Kabyle";"Unité 12";"Le temps qui passe";"Tura";"Maintenant";"mot";"";"";"tura.mp3";"l41";"";""
"Kabyle";"Unité 11";"Le corps & les gens";"Ul";"Cœur";"mot";"";"";"ul.mp3";"l36";"";""
"Kabyle";"Unité 13";"Parler & agir";"Ur fhimeɣ ara";"Je ne comprends pas";"expression";"";"";"ur-fhimegh-ara.mp3";"l44 l45";"";""
"Kabyle";"Unité 15";"Au sport — Addal";"Urar";"Le jeu";"mot";"";"";"urar.mp3";"l50 l53";"";""
"Kabyle";"Unité 4";"La famille & les phrases";"Weltma";"Sœur";"mot";"";"";"weltma.mp3";"l15";"";""
"Kabyle";"Unité 14";"Au travail — Axeddim";"Xeddmeɣ deg wexxam";"Je travaille à la maison";"expression";"";"";"xeddmegh-deg-wexxam.mp3";"l48";"";""
"Kabyle";"Unité 4";"La famille & les phrases";"Yemma";"Mère";"mot";"";"";"yemma.mp3";"l14";"";""
"Kabyle";"Unité 5";"Les nombres — Amḍan";"Yiwen";"Un";"mot";"";"";"yiwen.mp3";"l18 l20";"";""
"Tachelhit";"Unité 4";"Au sport — Addal";"Aḍar";"Le pied";"mot";"";"";"shi/adar.mp3";"shi16 shi17";"";""
"Tachelhit";"Unité 4";"Au sport — Addal";"Addal";"Le sport";"mot";"";"";"shi/addal.mp3";"shi14 shi17";"";""
"Tachelhit";"Unité 1";"Tifawin — les salutations";"Afak";"S’il te plaît";"mot";"arabe";"";"shi/afak.mp3";"shi3";"";""
"Tachelhit";"Unité 3";"Au travail — Tawuri";"Afllaḥ";"Le paysan";"mot";"arabe";"";"shi/afllah.mp3";"shi11 shi13";"";""
"Tachelhit";"Unité 4";"Au sport — Addal";"Afus";"La main";"mot";"";"";"shi/afus.mp3";"shi16";"";""
"Tachelhit";"Unité 2";"Les premiers mots";"Aɣrum";"Le pain";"mot";"";"";"shi/aghrum.mp3";"shi7";"";""
"Tachelhit";"Unité 1";"Tifawin — les salutations";"Ak isrbḥ rbbi";"Merci (que Dieu te fasse réussir)";"expression";"arabe";"Tanmmirt";"shi/ak-isrbh-rbbi.mp3";"shi3";"";""
"Tachelhit";"Unité 2";"Les premiers mots";"Aman";"L’eau";"mot";"";"";"shi/aman.mp3";"shi7";"";""
"Tachelhit";"Unité 3";"Au travail — Tawuri";"Anlmad";"L’élève";"mot";"";"";"shi/anlmad.mp3";"shi11";"";""
"Tachelhit";"Unité 3";"Au travail — Tawuri";"Aslmad";"L’enseignant";"mot";"";"";"shi/aslmad.mp3";"shi11 shi13";"";""
"Tachelhit";"Unité 3";"Au travail — Tawuri";"Axddam";"Le travailleur";"mot";"arabe";"";"shi/axddam.mp3";"shi10 shi13";"";""
"Tachelhit";"Unité 1";"Tifawin — les salutations";"Azkka";"Demain";"mot";"";"";"shi/azkka.mp3";"shi5";"";""
"Tachelhit";"Unité 4";"Au sport — Addal";"Azzl !";"Cours !";"expression";"";"";"shi/azzl.mp3";"shi15";"";""
"Tachelhit";"Unité 2";"Les premiers mots";"Baba";"Papa";"mot";"";"";"shi/baba.mp3";"shi6";"";""
"Tachelhit";"Unité 1";"Tifawin — les salutations";"Brrk";"Bienvenue";"mot";"arabe";"Ansuf";"shi/brrk.mp3";"shi5";"";""
"Tachelhit";"Unité 1";"Tifawin — les salutations";"Bslama";"Au revoir";"mot";"arabe";"";"shi/bslama.mp3";"shi5";"";""
"Tachelhit";"Unité 3";"Au travail — Tawuri";"Igr";"Le champ";"mot";"";"";"shi/igr.mp3";"shi12 shi13";"";""
"Tachelhit";"Unité 2";"Les premiers mots";"Immi";"Maman";"mot";"";"";"shi/immi.mp3";"shi6";"";""
"Tachelhit";"Unité 4";"Au sport — Addal";"Ixf";"La tête";"mot";"";"";"shi/ixf.mp3";"shi16 shi17";"";""
"Tachelhit";"Unité 2";"Les premiers mots";"Kkuẓ";"Quatre";"mot";"";"";"shi/kkuz.mp3";"shi8";"";""
"Tachelhit";"Unité 2";"Les premiers mots";"Kraḍ";"Trois";"mot";"";"";"shi/krad.mp3";"shi8";"";""
"Tachelhit";"Unité 1";"Tifawin — les salutations";"Labas";"Ça va";"mot";"arabe";"";"shi/labas.mp3";"shi4";"";""
"Tachelhit";"Unité 1";"Tifawin — les salutations";"Labas, lḥamdulillah";"Ça va, Dieu merci";"expression";"à trancher";"";"shi/labas-lhamdulillah.mp3";"shi4";"";""
"Tachelhit";"Unité 3";"Au travail — Tawuri";"Lxdmt";"Le travail (mot arabe)";"mot";"arabe";"Tawuri";"shi/lxdmt.mp3";"shi10";"";""
"Tachelhit";"Unité 1";"Tifawin — les salutations";"Manzakin ?";"Comment vas-tu ?";"expression";"";"";"shi/manzakin.mp3";"shi4";"";""
"Tachelhit";"Unité 2";"Les premiers mots";"Sin";"Deux";"mot";"";"";"shi/sin.mp3";"shi8";"";""
"Tachelhit";"Unité 2";"Les premiers mots";"Smmus";"Cinq";"mot";"";"";"shi/smmus.mp3";"shi8";"";""
"Tachelhit";"Unité 1";"Tifawin — les salutations";"Ssalamu ɛlikum";"Bonjour (la paix sur vous)";"expression";"arabe";"Azul";"shi/ssalamu-elikum.mp3";"shi1";"";""
"Tachelhit";"Unité 3";"Au travail — Tawuri";"Ssuq";"Le marché";"mot";"arabe";"";"shi/ssuq.mp3";"shi12";"";""
"Tachelhit";"Unité 3";"Au travail — Tawuri";"Taḥanut";"La boutique";"mot";"arabe";"";"shi/tahanut.mp3";"shi12 shi13";"";""
"Tachelhit";"Unité 4";"Au sport — Addal";"Takurt";"Le ballon";"mot";"";"";"shi/takurt.mp3";"shi14 shi17";"";""
"Tachelhit";"Unité 1";"Tifawin — les salutations";"Tanmmirt";"Merci";"mot";"";"";"shi/tanmmirt.mp3";"shi3";"";""
"Tachelhit";"Unité 3";"Au travail — Tawuri";"Tawuri";"Le travail";"mot";"";"";"shi/tawuri.mp3";"shi10 shi13 shi17";"";""
"Tachelhit";"Unité 4";"Au sport — Addal";"Tazzla";"La course";"mot";"";"";"shi/tazzla.mp3";"shi15 shi17";"";""
"Tachelhit";"Unité 1";"Tifawin — les salutations";"Tifawin";"Bonjour (le matin)";"mot";"";"";"shi/tifawin.mp3";"shi1 shi2";"";""
"Tachelhit";"Unité 2";"Les premiers mots";"Tigmmi";"La maison";"mot";"";"";"shi/tigmmi.mp3";"shi7 shi9";"";""
"Tachelhit";"Unité 3";"Au travail — Tawuri";"Ṭṭbib";"Le médecin";"mot";"arabe";"Amejjay";"shi/ttbib.mp3";"shi11";"";""
"Tachelhit";"Unité 1";"Tifawin — les salutations";"Uhu";"Non";"mot";"";"";"shi/uhu.mp3";"shi2";"";""
"Tachelhit";"Unité 4";"Au sport — Addal";"Urar";"Le jeu";"mot";"";"";"shi/urar.mp3";"shi14 shi15 shi17";"";""
"Tachelhit";"Unité 1";"Tifawin — les salutations";"Wa ɛlikum ssalam";"Et sur vous la paix (réponse)";"expression";"arabe";"Azul";"shi/wa-elikum-ssalam.mp3";"shi1";"";""
"Tachelhit";"Unité 1";"Tifawin — les salutations";"Yah";"Oui";"mot";"à trancher";"";"shi/yah.mp3";"shi2";"";""
"Tachelhit";"Unité 2";"Les premiers mots";"Yan";"Un";"mot";"";"";"shi/yan.mp3";"shi8";"";""
"Tarifit";"Unité 4";"Au sport — Ryaḍa";"Addal";"Le sport (mot amazigh)";"mot";"";"";"rif/addal.mp3";"rif16 rif17";"";""
"Tarifit";"Unité 3";"Au travail — Lxedmet";"Afellaḥ";"Le paysan";"mot";"arabe";"";"rif/afellah.mp3";"rif11 rif13";"";""
"Tarifit";"Unité 2";"Les premiers mots";"Aɣrum";"Le pain";"mot";"";"";"rif/aghrum.mp3";"rif7";"";""
"Tarifit";"Unité 2";"Les premiers mots";"Aman";"L’eau";"mot";"";"";"rif/aman.mp3";"rif7";"";""
"Tarifit";"Unité 2";"Les premiers mots";"Aryaz";"L’homme";"mot";"";"";"rif/aryaz.mp3";"rif9";"";""
"Tarifit";"Unité 3";"Au travail — Lxedmet";"Axeddam";"Le travailleur";"mot";"arabe";"";"rif/axeddam.mp3";"rif10 rif13";"";""
"Tarifit";"Unité 4";"Au sport — Ryaḍa";"Azzeř !";"Cours !";"expression";"";"";"rif/azzer.mp3";"rif15 rif17";"";""
"Tarifit";"Unité 1";"Ssalamu ɛlikum — les salutations";"B-essalama";"Au revoir";"mot";"arabe";"";"rif/b-essalama.mp3";"rif5";"";""
"Tarifit";"Unité 2";"Les premiers mots";"Baba";"Papa";"mot";"";"";"rif/baba.mp3";"rif6 rif7";"";""
"Tarifit";"Unité 1";"Ssalamu ɛlikum — les salutations";"Barek llahu fik";"Merci (que Dieu te bénisse)";"expression";"arabe";"Tanemmirt";"rif/barek-llahu-fik.mp3";"rif3 rif4";"";""
"Tarifit";"Unité 1";"Ssalamu ɛlikum — les salutations";"Ɛafak";"S’il te plaît";"mot";"arabe";"";"rif/eafak.mp3";"rif3 rif5";"";""
"Tarifit";"Unité 3";"Au travail — Lxedmet";"Iger";"Le champ";"mot";"";"";"rif/iger.mp3";"rif12 rif13 rif17";"";""
"Tarifit";"Unité 2";"Les premiers mots";"Ijjen";"Un";"mot";"";"";"rif/ijjen.mp3";"rif8";"";""
"Tarifit";"Unité 4";"Au sport — Ryaḍa";"Lkuṛa";"Le ballon";"mot";"arabe";"Takurt";"rif/lkura.mp3";"rif14 rif17";"";""
"Tarifit";"Unité 1";"Ssalamu ɛlikum — les salutations";"Lla";"Non";"mot";"";"";"rif/lla.mp3";"rif2";"";""
"Tarifit";"Unité 3";"Au travail — Lxedmet";"Lmɛellem";"Le patron, le maître artisan";"mot";"arabe";"";"rif/lmeellem.mp3";"rif11";"";""
"Tarifit";"Unité 3";"Au travail — Lxedmet";"Lxedmet";"Le travail";"mot";"arabe";"Tawuri";"rif/lxedmet.mp3";"rif10 rif13 rif17";"";""
"Tarifit";"Unité 1";"Ssalamu ɛlikum — les salutations";"Mamec teǧǧid ?";"Comment vas-tu ?";"expression";"";"";"rif/mamec-teggid.mp3";"rif4";"";""
"Tarifit";"Unité 1";"Ssalamu ɛlikum — les salutations";"Marḥba";"Bienvenue";"mot";"arabe";"Ansuf";"rif/marhba.mp3";"rif1 rif2";"";""
"Tarifit";"Unité 1";"Ssalamu ɛlikum — les salutations";"Mliḥ";"Ça va bien";"mot";"arabe";"";"rif/mlih.mp3";"rif4";"";""
"Tarifit";"Unité 1";"Ssalamu ɛlikum — les salutations";"Mliḥ, l-ḥamdu li-llah";"Ça va bien, Dieu merci";"expression";"à trancher";"";"rif/mlih-l-hamdu-li-llah.mp3";"rif4";"";""
"Tarifit";"Unité 4";"Au sport — Ryaḍa";"Ryaḍa";"Le sport";"mot";"arabe";"Addal";"rif/ryada.mp3";"rif14 rif16 rif17";"";""
"Tarifit";"Unité 1";"Ssalamu ɛlikum — les salutations";"Ssalamu ɛlikum";"Bonjour (la paix sur vous)";"expression";"arabe";"Azul";"rif/ssalamu-elikum.mp3";"rif1";"";""
"Tarifit";"Unité 3";"Au travail — Lxedmet";"Ssuq";"Le marché";"mot";"arabe";"";"rif/ssuq.mp3";"rif12 rif13";"";""
"Tarifit";"Unité 3";"Au travail — Lxedmet";"Taḥanut";"La boutique";"mot";"arabe";"";"rif/tahanut.mp3";"rif12 rif13";"";""
"Tarifit";"Unité 4";"Au sport — Ryaḍa";"Takurt";"Le ballon (mot amazigh)";"mot";"";"";"rif/takurt.mp3";"rif16";"";""
"Tarifit";"Unité 4";"Au sport — Ryaḍa";"Tazzřa";"La course";"mot";"";"";"rif/tazzra.mp3";"rif15 rif17";"";""
"Tarifit";"Unité 1";"Ssalamu ɛlikum — les salutations";"Tiwecca";"Demain";"mot";"";"";"rif/tiwecca.mp3";"rif5";"";""
"Tarifit";"Unité 2";"Les premiers mots";"Tlata";"Trois";"mot";"arabe";"Kraḍ";"rif/tlata.mp3";"rif8";"";""
"Tarifit";"Unité 2";"Les premiers mots";"Tnayen";"Deux";"mot";"arabe";"Sin";"rif/tnayen.mp3";"rif8";"";""
"Tarifit";"Unité 3";"Au travail — Lxedmet";"Ṭṭbib";"Le médecin";"mot";"arabe";"Amejjay";"rif/ttbib.mp3";"rif11 rif13";"";""
"Tarifit";"Unité 2";"Les premiers mots";"Uř";"Le cœur";"mot";"";"";"rif/ur.mp3";"rif9";"";""
"Tarifit";"Unité 4";"Au sport — Ryaḍa";"Uraren";"Les jeux";"mot";"";"";"rif/uraren.mp3";"rif14 rif15 rif17";"";""
"Tarifit";"Unité 1";"Ssalamu ɛlikum — les salutations";"Wa ɛlikum ssalam";"Et sur vous la paix (réponse)";"expression";"arabe";"Azul";"rif/wa-elikum-ssalam.mp3";"rif1";"";""
"Tarifit";"Unité 1";"Ssalamu ɛlikum — les salutations";"Wah";"Oui";"mot";"à trancher";"";"rif/wah.mp3";"rif2";"";""
"Tarifit";"Unité 2";"Les premiers mots";"Yemma";"Maman";"mot";"";"";"rif/yemma.mp3";"rif6";"";""
"Tamazight (Atlas)";"Unité 4";"Au sport — Addal";"Aḍar";"Le pied";"mot";"";"";"tzm/adar.mp3";"tzm16 tzm17";"";""
"Tamazight (Atlas)";"Unité 4";"Au sport — Addal";"Addal";"Le sport";"mot";"";"";"tzm/addal.mp3";"tzm14 tzm17";"";""
"Tamazight (Atlas)";"Unité 3";"Au travail — Tawuri";"Afllaḥ";"Le paysan";"mot";"arabe";"";"tzm/afllah.mp3";"tzm11";"";""
"Tamazight (Atlas)";"Unité 4";"Au sport — Addal";"Afus";"La main";"mot";"";"";"tzm/afus.mp3";"tzm16";"";""
"Tamazight (Atlas)";"Unité 2";"Les premiers mots";"Aɣrum";"Le pain";"mot";"";"";"tzm/aghrum.mp3";"tzm7";"";""
"Tamazight (Atlas)";"Unité 3";"Au travail — Tawuri";"Aɣyul";"L’âne";"mot";"";"";"tzm/aghyul.mp3";"tzm12 tzm13";"";""
"Tamazight (Atlas)";"Unité 2";"Les premiers mots";"Aman";"L’eau";"mot";"";"";"tzm/aman.mp3";"tzm7";"";""
"Tamazight (Atlas)";"Unité 3";"Au travail — Tawuri";"Amksa";"Le berger";"mot";"";"";"tzm/amksa.mp3";"tzm11 tzm13";"";""
"Tamazight (Atlas)";"Unité 1";"Les salutations du Moyen Atlas";"Askka";"Demain";"mot";"";"";"tzm/askka.mp3";"tzm5";"";""
"Tamazight (Atlas)";"Unité 3";"Au travail — Tawuri";"Axddam";"Le travailleur";"mot";"arabe";"";"tzm/axddam.mp3";"tzm10 tzm13";"";""
"Tamazight (Atlas)";"Unité 4";"Au sport — Addal";"Azzl !";"Cours !";"expression";"";"";"tzm/azzl.mp3";"tzm15";"";""
"Tamazight (Atlas)";"Unité 2";"Les premiers mots";"Bba";"Mon père";"mot";"";"";"tzm/bba.mp3";"tzm6";"";""
"Tamazight (Atlas)";"Unité 2";"Les premiers mots";"Bbaḥllu";"Grand-père";"mot";"";"";"tzm/bbahllu.mp3";"tzm6";"";""
"Tamazight (Atlas)";"Unité 1";"Les salutations du Moyen Atlas";"Bla jmil";"De rien";"expression";"arabe";"";"tzm/bla-jmil.mp3";"tzm3";"";""
"Tamazight (Atlas)";"Unité 1";"Les salutations du Moyen Atlas";"Cukran";"Merci";"mot";"arabe";"Tanmmirt";"tzm/cukran.mp3";"tzm3";"";""
"Tamazight (Atlas)";"Unité 1";"Les salutations du Moyen Atlas";"Ɛafak";"S’il te plaît";"mot";"arabe";"";"tzm/eafak.mp3";"tzm3 tzm4";"";""
"Tamazight (Atlas)";"Unité 1";"Les salutations du Moyen Atlas";"Ɛlikum ssalam";"Et sur vous la paix (réponse)";"expression";"arabe";"Azul";"tzm/elikum-ssalam.mp3";"tzm1";"";""
"Tamazight (Atlas)";"Unité 3";"Au travail — Tawuri";"Igr";"Le champ";"mot";"";"";"tzm/igr.mp3";"tzm11 tzm13";"";""
"Tamazight (Atlas)";"Unité 1";"Les salutations du Moyen Atlas";"Is thnna ɣur-k ?";"Tout est tranquille chez toi ?";"expression";"";"";"tzm/is-thnna-ghur-k.mp3";"tzm4";"";""
"Tamazight (Atlas)";"Unité 4";"Au sport — Addal";"Ixf";"La tête";"mot";"";"";"tzm/ixf.mp3";"tzm16 tzm17";"";""
"Tamazight (Atlas)";"Unité 2";"Les premiers mots";"Kkuẓ";"Quatre";"mot";"";"";"tzm/kkuz.mp3";"tzm8";"";""
"Tamazight (Atlas)";"Unité 2";"Les premiers mots";"Kraḍ";"Trois";"mot";"";"";"tzm/krad.mp3";"tzm8";"";""
"Tamazight (Atlas)";"Unité 1";"Les salutations du Moyen Atlas";"Labas";"Ça va";"mot";"arabe";"";"tzm/labas.mp3";"tzm4";"";""
"Tamazight (Atlas)";"Unité 1";"Les salutations du Moyen Atlas";"Labas, l-ḥamdullah";"Ça va, Dieu merci";"expression";"à trancher";"";"tzm/labas-l-hamdullah.mp3";"tzm4";"";""
"Tamazight (Atlas)";"Unité 1";"Les salutations du Moyen Atlas";"Lla yɛawn";"Que Dieu t’aide";"expression";"à trancher";"";"tzm/lla-yeawn.mp3";"tzm1";"";""
"Tamazight (Atlas)";"Unité 3";"Au travail — Tawuri";"Lxdmt";"Le travail (mot arabe)";"mot";"arabe";"Tawuri";"tzm/lxdmt.mp3";"tzm10";"";""
"Tamazight (Atlas)";"Unité 1";"Les salutations du Moyen Atlas";"Mayd tɛnit ?";"Comment vas-tu ?";"expression";"à trancher";"";"tzm/mayd-tenit.mp3";"tzm4";"";""
"Tamazight (Atlas)";"Unité 2";"Les premiers mots";"Mma";"Ma mère";"mot";"";"";"tzm/mma.mp3";"tzm6";"";""
"Tamazight (Atlas)";"Unité 2";"Les premiers mots";"Mmaḥllu";"Grand-mère";"mot";"";"";"tzm/mmahllu.mp3";"tzm6";"";""
"Tamazight (Atlas)";"Unité 1";"Les salutations du Moyen Atlas";"Mrḥba";"Bienvenue";"mot";"arabe";"Ansuf";"tzm/mrhba.mp3";"tzm5";"";""
"Tamazight (Atlas)";"Unité 1";"Les salutations du Moyen Atlas";"Qqim g lman";"Au revoir (reste dans la paix)";"expression";"à trancher";"";"tzm/qqim-g-lman.mp3";"tzm5";"";""
"Tamazight (Atlas)";"Unité 2";"Les premiers mots";"Sin";"Deux";"mot";"";"";"tzm/sin.mp3";"tzm8";"";""
"Tamazight (Atlas)";"Unité 2";"Les premiers mots";"Smmus";"Cinq";"mot";"";"";"tzm/smmus.mp3";"tzm8";"";""
"Tamazight (Atlas)";"Unité 1";"Les salutations du Moyen Atlas";"Ssalamu ɛlikum";"Bonjour (la paix sur vous)";"expression";"arabe";"Azul";"tzm/ssalamu-elikum.mp3";"tzm1";"";""
"Tamazight (Atlas)";"Unité 2";"Les premiers mots";"Taddart";"La maison";"mot";"";"";"tzm/taddart.mp3";"tzm7";"";""
"Tamazight (Atlas)";"Unité 3";"Au travail — Tawuri";"Tafunast";"La vache";"mot";"";"";"tzm/tafunast.mp3";"tzm12 tzm13";"";""
"Tamazight (Atlas)";"Unité 4";"Au sport — Addal";"Takurt";"Le ballon";"mot";"";"";"tzm/takurt.mp3";"tzm14 tzm17";"";""
"Tamazight (Atlas)";"Unité 3";"Au travail — Tawuri";"Tawuri";"Le travail";"mot";"";"";"tzm/tawuri.mp3";"tzm10 tzm13 tzm17";"";""
"Tamazight (Atlas)";"Unité 4";"Au sport — Addal";"Tazzla";"La course";"mot";"";"";"tzm/tazzla.mp3";"tzm15 tzm17";"";""
"Tamazight (Atlas)";"Unité 1";"Les salutations du Moyen Atlas";"Uhu";"Non";"mot";"";"";"tzm/uhu.mp3";"tzm2";"";""
"Tamazight (Atlas)";"Unité 3";"Au travail — Tawuri";"Ulli";"Les brebis";"mot";"";"";"tzm/ulli.mp3";"tzm12 tzm13";"";""
"Tamazight (Atlas)";"Unité 4";"Au sport — Addal";"Urar";"Le jeu";"mot";"";"";"tzm/urar.mp3";"tzm14 tzm15 tzm17";"";""
"Tamazight (Atlas)";"Unité 1";"Les salutations du Moyen Atlas";"Waxxa";"D’accord";"mot";"arabe";"";"tzm/waxxa.mp3";"tzm2";"";""
"Tamazight (Atlas)";"Unité 1";"Les salutations du Moyen Atlas";"Yah";"Oui";"mot";"à trancher";"";"tzm/yah.mp3";"tzm2";"";""
"Tamazight (Atlas)";"Unité 2";"Les premiers mots";"Yan";"Un";"mot";"";"";"tzm/yan.mp3";"tzm8 tzm9";"";""
"Tamazight (Atlas)";"Unité 2";"Les premiers mots";"Yat";"Une";"mot";"";"";"tzm/yat.mp3";"tzm8";"";""
"Amazighe standard";"Unité 2";"La langue de l’école";"kraḍ";"Trois";"mot";"";"";"zgh/krad.mp3";"zgh10";"";""
"Amazighe standard";"Unité 1";"Lire le tifinagh — ⵜⵉⴼⵉⵏⴰⵖ";"ⴰ";"a";"lettre";"";"";"";"zgh1 zgh2";"";""
"Amazighe standard";"Unité 4";"Au sport — ⴰⴷⴷⴰⵍ";"ⴰⴷⴷⴰⵍ";"Le sport";"mot";"";"";"";"zgh16 zgh19";"";""
"Amazighe standard";"Unité 3";"Au travail — ⵜⴰⵡⵓⵔⵉ";"ⴰⴷⵍⵉⵙ";"Le livre";"mot";"";"";"";"zgh13";"";""
"Amazighe standard";"Unité 4";"Au sport — ⴰⴷⴷⴰⵍ";"ⴰⴹⴰⵔ";"Le pied";"mot";"";"";"";"zgh18 zgh19";"";""
"Amazighe standard";"Unité 3";"Au travail — ⵜⴰⵡⵓⵔⵉ";"ⴰⴼⵍⵍⴰⵃ";"Le paysan";"mot";"arabe";"";"";"zgh14 zgh15";"";""
"Amazighe standard";"Unité 4";"Au sport — ⴰⴷⴷⴰⵍ";"ⴰⴼⵓⵙ";"La main";"mot";"";"";"";"zgh18";"";""
"Amazighe standard";"Unité 1";"Lire le tifinagh — ⵜⵉⴼⵉⵏⴰⵖ";"ⴰⵎⴰⵏ";"aman — l’eau";"mot";"";"";"";"zgh2 zgh9";"";""
"Amazighe standard";"Unité 3";"Au travail — ⵜⴰⵡⵓⵔⵉ";"ⴰⵎⴽⵙⴰ";"Le berger";"mot";"";"";"";"zgh14";"";""
"Amazighe standard";"Unité 3";"Au travail — ⵜⴰⵡⵓⵔⵉ";"ⴰⵏⵍⵎⴰⴷ";"L’élève";"mot";"";"";"";"zgh13";"";""
"Amazighe standard";"Unité 1";"Lire le tifinagh — ⵜⵉⴼⵉⵏⴰⵖ";"ⴰⵔⴳⴰⵣ";"argaz — l’homme";"mot";"";"";"";"zgh3";"";""
"Amazighe standard";"Unité 2";"La langue de l’école";"ⴰⵖⵔⵓⵎ";"Le pain";"mot";"";"";"";"zgh9";"";""
"Amazighe standard";"Unité 3";"Au travail — ⵜⴰⵡⵓⵔⵉ";"ⴰⵙⵍⵎⴰⴷ";"L’enseignant";"mot";"";"";"";"zgh12 zgh15";"";""
"Amazighe standard";"Unité 1";"Lire le tifinagh — ⵜⵉⴼⵉⵏⴰⵖ";"ⴰⵣⵓⵍ";"azul — salut";"mot";"";"";"";"zgh4 zgh7 zgh8";"";""
"Amazighe standard";"Unité 4";"Au sport — ⴰⴷⴷⴰⵍ";"ⴰⵣⵣⵍ";"Cours !";"mot";"";"";"";"zgh17";"";""
"Amazighe standard";"Unité 1";"Lire le tifinagh — ⵜⵉⴼⵉⵏⴰⵖ";"ⴳ";"g";"lettre";"";"";"";"zgh3";"";""
"Amazighe standard";"Unité 1";"Lire le tifinagh — ⵜⵉⴼⵉⵏⴰⵖ";"ⴹ";"ḍ";"lettre";"";"";"";"zgh6";"";""
"Amazighe standard";"Unité 2";"La langue de l’école";"ⴽⵔⴰⴹ";"Trois";"mot";"";"";"";"zgh10";"";""
"Amazighe standard";"Unité 1";"Lire le tifinagh — ⵜⵉⴼⵉⵏⴰⵖ";"ⵃ";"ḥ";"lettre";"";"";"";"zgh5";"";""
"Amazighe standard";"Unité 1";"Lire le tifinagh — ⵜⵉⴼⵉⵏⴰⵖ";"ⵄ";"ɛ";"lettre";"";"";"";"zgh5";"";""
"Amazighe standard";"Unité 1";"Lire le tifinagh — ⵜⵉⴼⵉⵏⴰⵖ";"ⵅ";"La « jota » espagnole";"lettre";"";"";"";"zgh5";"";""
"Amazighe standard";"Unité 4";"Au sport — ⴰⴷⴷⴰⵍ";"ⵉⵅⴼ";"La tête";"mot";"";"";"";"zgh18 zgh19";"";""
"Amazighe standard";"Unité 1";"Lire le tifinagh — ⵜⵉⴼⵉⵏⴰⵖ";"ⵍ";"l";"lettre";"";"";"";"zgh4";"";""
"Amazighe standard";"Unité 3";"Au travail — ⵜⴰⵡⵓⵔⵉ";"ⵍⵅⴷⵎⵜ";"lxdmt — le travail (mot arabe)";"mot";"arabe";"ⵜⴰⵡⵓⵔⵉ";"";"zgh15";"";""
"Amazighe standard";"Unité 1";"Lire le tifinagh — ⵜⵉⴼⵉⵏⴰⵖ";"ⵎ";"m";"lettre";"";"";"";"zgh1";"";""
"Amazighe standard";"Unité 1";"Lire le tifinagh — ⵜⵉⴼⵉⵏⴰⵖ";"ⵏ";"n";"lettre";"";"";"";"zgh1 zgh2";"";""
"Amazighe standard";"Unité 1";"Lire le tifinagh — ⵜⵉⴼⵉⵏⴰⵖ";"ⵓ";"u (ou)";"lettre";"";"";"";"zgh3 zgh4";"";""
"Amazighe standard";"Unité 2";"La langue de l’école";"ⵓⵀⵓ";"Non";"mot";"";"";"";"zgh8";"";""
"Amazighe standard";"Unité 4";"Au sport — ⴰⴷⴷⴰⵍ";"ⵓⵔⴰⵔ";"Le jeu";"mot";"";"";"";"zgh16 zgh17 zgh19";"";""
"Amazighe standard";"Unité 1";"Lire le tifinagh — ⵜⵉⴼⵉⵏⴰⵖ";"ⵔ";"r";"lettre";"";"";"";"zgh3";"";""
"Amazighe standard";"Unité 1";"Lire le tifinagh — ⵜⵉⴼⵉⵏⴰⵖ";"ⵖ";"Le « r » de Paris";"lettre";"";"";"";"zgh5";"";""
"Amazighe standard";"Unité 2";"La langue de l’école";"ⵙⵉⵏ";"Deux";"mot";"";"";"";"zgh10";"";""
"Amazighe standard";"Unité 1";"Lire le tifinagh — ⵜⵉⴼⵉⵏⴰⵖ";"ⵚ";"ṣ";"lettre";"";"";"";"zgh6";"";""
"Amazighe standard";"Unité 1";"Lire le tifinagh — ⵜⵉⴼⵉⵏⴰⵖ";"ⵜ";"t";"lettre";"";"";"";"zgh2";"";""
"Amazighe standard";"Unité 4";"Au sport — ⴰⴷⴷⴰⵍ";"ⵜⴰⴽⵓⵔⵜ";"Le ballon";"mot";"";"";"";"zgh16 zgh19";"";""
"Amazighe standard";"Unité 3";"Au travail — ⵜⴰⵡⵓⵔⵉ";"ⵜⴰⵃⴰⵏⵓⵜ";"La boutique";"mot";"arabe";"";"";"zgh14 zgh15";"";""
"Amazighe standard";"Unité 2";"La langue de l’école";"ⵜⴰⵎⵖⴰⵔⵜ";"La femme";"mot";"";"";"";"zgh9";"";""
"Amazighe standard";"Unité 2";"La langue de l’école";"ⵜⴰⵏⵎⵎⵉⵔⵜ";"Merci";"mot";"";"";"";"zgh7";"";""
"Amazighe standard";"Unité 3";"Au travail — ⵜⴰⵡⵓⵔⵉ";"ⵜⴰⵡⵓⵔⵉ";"Le travail";"mot";"";"";"";"zgh12 zgh15 zgh19";"";""
"Amazighe standard";"Unité 4";"Au sport — ⴰⴷⴷⴰⵍ";"ⵜⴰⵣⵣⵍⴰ";"La course";"mot";"";"";"";"zgh17 zgh19";"";""
"Amazighe standard";"Unité 2";"La langue de l’école";"ⵜⵉⴳⵎⵎⵉ";"La maison";"mot";"";"";"";"zgh8 zgh9";"";""
"Amazighe standard";"Unité 1";"Lire le tifinagh — ⵜⵉⴼⵉⵏⴰⵖ";"ⵜⵉⴼⵉⵏⴰⵖ";"tifinagh — l’écriture amazighe";"mot";"";"";"";"zgh6";"";""
"Amazighe standard";"Unité 3";"Au travail — ⵜⴰⵡⵓⵔⵉ";"ⵜⵉⵏⵎⵍ";"L’école";"mot";"";"";"";"zgh12 zgh13";"";""
"Amazighe standard";"Unité 1";"Lire le tifinagh — ⵜⵉⴼⵉⵏⴰⵖ";"ⵟ";"ṭ";"lettre";"";"";"";"zgh6";"";""
"Amazighe standard";"Unité 2";"La langue de l’école";"ⵢⴰⵏ";"Un";"mot";"";"";"";"zgh10";"";""
"Amazighe standard";"Unité 2";"La langue de l’école";"ⵢⵢⵉⵀ";"Oui";"mot";"";"";"";"zgh8";"";""
"Amazighe standard";"Unité 1";"Lire le tifinagh — ⵜⵉⴼⵉⵏⴰⵖ";"ⵣ";"z";"lettre";"";"";"";"zgh4";"";""
"Amazighe standard";"Unité 1";"Lire le tifinagh — ⵜⵉⴼⵉⵏⴰⵖ";"ⵥ";"ẓ";"lettre";"";"";"";"zgh6";"";""